"trial","algo","init_dopt","iters","time","final_dopt"
1,"fedorov",62.3328869029831,9,11.2289999999994,131.037069710445
1,"genetic",62.3328869029831,250,165.837999999996,131.037069710445
2,"fedorov",48.9358455146108,10,10.0400000000009,131.037069710445
2,"genetic",48.9358455146108,250,173.187000000005,131.037069710445
3,"fedorov",82.3566534315983,9,11.2649999999994,131.037069710445
3,"genetic",82.3566534315983,250,179.975999999995,131.037069710445
4,"fedorov",69.5162220815155,8,9.92799999999988,131.037069710445
4,"genetic",69.5162220815155,250,175.665000000001,131.037069710445
5,"fedorov",81.3853758940804,8,9.83600000000297,131.037069710445
5,"genetic",81.3853758940804,250,177.123000000007,131.037069710445
6,"fedorov",82.9285929608437,6,6.73600000000442,131.037069710445
6,"genetic",82.9285929608437,250,151.377999999997,131.037069710445
7,"fedorov",87.2441505863611,8,7.09599999999045,131.037069710445
7,"genetic",87.2441505863611,250,149.497000000003,131.037069710445
8,"fedorov",64.9061762731388,7,6.40099999999802,131.037069710445
8,"genetic",64.9061762731388,250,152.066000000006,131.037069710445
9,"fedorov",92.4067723964214,8,7.61199999999371,131.037069710445
9,"genetic",92.4067723964214,250,152.187999999995,131.037069710445
10,"fedorov",70.5777021660771,9,8.35599999999977,131.037069710445
10,"genetic",70.5777021660771,250,154.202999999994,131.037069710445
11,"fedorov",94.4940787421155,6,5.64900000000489,131.037069710445
11,"genetic",94.4940787421155,250,154.490999999995,131.037069710445
12,"fedorov",78.9544949707047,8,7.26399999999558,131.037069710445
12,"genetic",78.9544949707047,250,151.164000000004,131.037069710445
13,"fedorov",73.8242572953061,9,8.25,131.037069710445
13,"genetic",73.8242572953061,250,153.078000000009,131.037069710445
14,"fedorov",88.0912341508111,6,5.58100000000559,131.037069710445
14,"genetic",88.0912341508111,250,155.589999999997,131.037069710445
15,"fedorov",70.3153291042732,10,9.26800000001094,131.037069710445
15,"genetic",70.3153291042732,250,151.023000000001,131.037069710445
16,"fedorov",75.6881118313888,9,8.33299999999872,131.037069710445
16,"genetic",75.6881118313888,250,149.407999999996,131.037069710445
17,"fedorov",69.5162220815155,6,6.02599999999802,131.037069710445
17,"genetic",69.5162220815155,250,151.911000000007,131.037069710445
18,"fedorov",71.6081789497805,7,9.58699999999953,131.037069710445
18,"genetic",71.6081789497805,250,150.729000000007,131.037069710445
19,"fedorov",63.9653743364006,9,11.2530000000115,131.037069710445
19,"genetic",63.9653743364006,250,152.353000000003,131.037069710445
20,"fedorov",76.8079206421462,7,8.85899999999674,131.037069710445
20,"genetic",76.8079206421462,250,150.694000000003,131.037069710445
21,"fedorov",74.7678003715111,9,10.9339999999938,131.037069710445
21,"genetic",74.7678003715111,250,150.660000000003,131.037069710445
22,"fedorov",87.2441505863611,8,10.5589999999938,131.037069710445
22,"genetic",87.2441505863611,250,152.175999999992,131.037069710445
23,"fedorov",80.9902950319371,8,9.44400000000314,131.037069710445
23,"genetic",80.9902950319371,250,150.27399999999,131.037069710445
24,"fedorov",70.5777021660771,9,9.92799999999988,131.037069710445
24,"genetic",70.5777021660771,250,151.478000000003,131.037069710445
25,"fedorov",55.1750620305263,10,11.7930000000051,131.037069710445
25,"genetic",55.1750620305263,250,154.672000000006,131.037069710445
26,"fedorov",71.6081789497805,9,8.54000000000815,131.037069710445
26,"genetic",71.6081789497805,250,157.685000000012,131.037069710445
27,"fedorov",93.3127789204312,7,9.5109999999986,131.037069710445
27,"genetic",93.3127789204312,250,187.449000000008,131.037069710445
28,"fedorov",70.3153291042732,9,11.2890000000043,131.037069710445
28,"genetic",70.3153291042732,250,165.468000000008,131.037069710445
29,"fedorov",91.0134927463167,7,6.30100000000675,131.037069710445
29,"genetic",91.0134927463167,250,153.138999999996,131.037069710445
30,"fedorov",71.3533434173108,8,7.27900000000955,131.037069710445
30,"genetic",71.3533434173108,250,153.149999999994,131.037069710445
31,"fedorov",74.7678003715111,9,8.35599999999977,131.037069710445
31,"genetic",74.7678003715111,250,152.752999999997,131.037069710445
32,"fedorov",77.6808126488465,7,6.21899999999732,131.037069710445
32,"genetic",77.6808126488465,250,153.489000000001,131.037069710445
33,"fedorov",70.3153291042732,9,8.19000000000233,131.037069710445
33,"genetic",70.3153291042732,250,152.395999999993,131.037069710445
34,"fedorov",56.429467943425,9,8.26699999999255,131.037069710445
34,"genetic",56.429467943425,250,151.834000000003,131.037069710445
35,"fedorov",52.4792056726051,8,7.35000000000582,131.037069710445
35,"genetic",52.4792056726051,250,152.991999999998,131.037069710445
36,"fedorov",56.429467943425,10,9.20300000000861,131.037069710445
36,"genetic",56.429467943425,250,153.857000000004,131.037069710445
37,"fedorov",44.1293541915758,10,9.15600000000268,131.037069710445
37,"genetic",44.1293541915758,250,150.953000000009,131.037069710445
38,"fedorov",79.5762095052112,7,6.1299999999901,131.037069710445
38,"genetic",79.5762095052112,250,151.809999999998,131.037069710445
39,"fedorov",81.3853758940804,9,8.19599999999627,131.037069710445
39,"genetic",81.3853758940804,250,155.002999999997,131.037069710445
40,"fedorov",88.0912341508111,8,7.16099999999278,131.037069710445
40,"genetic",88.0912341508111,250,152.52900000001,131.037069710445
41,"fedorov",84.4164177086728,8,7.22800000000279,131.037069710445
41,"genetic",84.4164177086728,250,152.998999999996,131.037069710445
42,"fedorov",42.7493986669174,8,7.23199999998906,131.037069710445
42,"genetic",42.7493986669174,250,153.965000000011,131.037069710445
43,"fedorov",45.4280148208035,8,7.29299999999057,131.037069710445
43,"genetic",45.4280148208035,250,152.578000000009,131.037069710445
44,"fedorov",60.2535566043808,8,7.14999999999418,131.037069710445
44,"genetic",60.2535566043808,250,151.154999999999,131.037069710445
45,"fedorov",63.6455421207436,9,8.09299999999348,131.037069710445
45,"genetic",63.6455421207436,250,149.756999999998,131.037069710445
46,"fedorov",78.5345163097848,9,8.10800000000745,131.037069710445
46,"genetic",78.5345163097848,250,154.667000000001,131.037069710445
47,"fedorov",87.9231206999708,7,6.16800000000512,131.037069710445
47,"genetic",87.9231206999708,250,155.509000000005,131.037069710445
48,"fedorov",78.9544949707047,9,8.23500000000058,131.037069710445
48,"genetic",78.9544949707047,250,151.701000000001,131.037069710445
49,"fedorov",84.2333012600667,9,8.23799999999756,131.037069710445
49,"genetic",84.2333012600667,250,152.582000000009,131.037069710445
50,"fedorov",62.6662241870573,9,8.24599999999919,131.037069710445
50,"genetic",62.6662241870573,250,152.728000000003,131.037069710445
51,"fedorov",80.9902950319371,8,7.21700000000419,131.037069710445
51,"genetic",80.9902950319371,250,152.842999999993,131.037069710445
52,"fedorov",78.9544949707047,8,7.43300000000454,131.037069710445
52,"genetic",78.9544949707047,250,153.521999999997,131.037069710445
53,"fedorov",93.6109048402314,7,6.28699999999662,131.037069710445
53,"genetic",93.6109048402314,250,151.281000000003,131.037069710445
54,"fedorov",76.8079206421462,9,8.12900000000081,131.037069710445
54,"genetic",76.8079206421462,250,151.611999999994,131.037069710445
55,"fedorov",70.5777021660771,8,7.25800000000163,131.037069710445
55,"genetic",70.5777021660771,250,154.701000000001,131.037069710445
56,"fedorov",71.3533434173108,8,7.11000000000058,131.037069710445
56,"genetic",71.3533434173108,250,153.786999999997,131.037069710445
57,"fedorov",80.7913008761956,8,7.29200000000128,131.037069710445
57,"genetic",80.7913008761956,250,152.022000000012,131.037069710445
58,"fedorov",81.3853758940804,9,8.22400000000198,131.037069710445
58,"genetic",81.3853758940804,250,151.193999999989,131.037069710445
59,"fedorov",91.0134927463167,7,6.31700000001001,131.037069710445
59,"genetic",91.0134927463167,250,152.915999999997,131.037069710445
60,"fedorov",73.8242572953061,7,6.34500000000116,131.037069710445
60,"genetic",73.8242572953061,250,152.688999999998,131.037069710445
61,"fedorov",84.2333012600667,7,6.1310000000085,131.037069710445
61,"genetic",84.2333012600667,250,150.831000000006,131.037069710445
62,"fedorov",76.5865709403552,7,6.30399999998917,131.037069710445
62,"genetic",76.5865709403552,250,152.126000000004,131.037069710445
63,"fedorov",72.8559585406432,7,6.17999999999302,131.037069710445
63,"genetic",72.8559585406432,250,152.262000000002,131.037069710445
64,"fedorov",63.6455421207436,7,6.37600000000384,131.037069710445
64,"genetic",63.6455421207436,250,153.760999999999,131.037069710445
65,"fedorov",48.9358455146108,10,9.14699999999721,131.037069710445
65,"genetic",48.9358455146108,250,153.452000000005,131.037069710445
66,"fedorov",87.9231206999708,6,5.27699999998731,131.037069710445
66,"genetic",87.9231206999708,250,154.096999999994,131.037069710445
67,"fedorov",51.0206887739668,7,6.54099999999744,131.037069710445
67,"genetic",51.0206887739668,250,153.751999999993,131.037069710445
68,"fedorov",48.9358455146108,10,9.07200000000012,131.037069710445
68,"genetic",48.9358455146108,250,154.001000000004,131.037069710445
69,"fedorov",80.5913215908364,9,8.23799999999756,131.037069710445
69,"genetic",80.5913215908364,250,151.324000000008,131.037069710445
70,"fedorov",78.9544949707047,9,8.28800000000047,131.037069710445
70,"genetic",78.9544949707047,250,151.580999999991,131.037069710445
71,"fedorov",66.1196559086776,9,8.22699999999895,131.037069710445
71,"genetic",66.1196559086776,250,152.013000000006,131.037069710445
72,"fedorov",61.6553018582617,7,6.25699999999779,131.037069710445
72,"genetic",61.6553018582617,250,152.909,131.037069710445
73,"fedorov",84.4164177086728,9,8.49099999999453,131.037069710445
73,"genetic",84.4164177086728,250,151.205000000002,131.037069710445
74,"fedorov",88.9223326122516,8,7.15399999999499,131.037069710445
74,"genetic",88.9223326122516,250,153.403999999995,131.037069710445
75,"fedorov",87.2441505863611,8,7.12799999999697,131.037069710445
75,"genetic",87.2441505863611,250,154.091,131.037069710445
76,"fedorov",81.3853758940804,6,5.45900000000256,131.037069710445
76,"genetic",81.3853758940804,250,152.481,131.037069710445
77,"fedorov",62.6662241870573,10,9.25400000000081,131.037069710445
77,"genetic",62.6662241870573,250,153.966,131.037069710445
78,"fedorov",62.6662241870573,8,7.16300000000047,131.037069710445
78,"genetic",62.6662241870573,250,153.101999999999,131.037069710445
79,"fedorov",72.8559585406432,7,6.27599999999802,131.037069710445
79,"genetic",72.8559585406432,250,152.316999999995,131.037069710445
80,"fedorov",73.8242572953061,7,6.36699999999837,131.037069710445
80,"genetic",73.8242572953061,250,152.320999999996,131.037069710445
81,"fedorov",86.0298593809743,6,5.33400000000256,131.037069710445
81,"genetic",86.0298593809743,250,153.690000000002,131.037069710445
82,"fedorov",84.0493851699741,9,8.33000000000175,131.037069710445
82,"genetic",84.0493851699741,250,151.952999999994,131.037069710445
83,"fedorov",88.0912341508111,7,6.37900000000081,131.037069710445
83,"genetic",88.0912341508111,250,153.085999999996,131.037069710445
84,"fedorov",62.6662241870573,9,8.11699999999837,131.037069710445
84,"genetic",62.6662241870573,250,154.195999999996,131.037069710445
85,"fedorov",68.973104409528,6,5.22399999998743,131.037069710445
85,"genetic",68.973104409528,250,152.947,131.037069710445
86,"fedorov",74.7678003715111,8,7.28900000000431,131.037069710445
86,"genetic",74.7678003715111,250,152.002999999997,131.037069710445
87,"fedorov",77.6808126488465,9,8.18099999999686,131.037069710445
87,"genetic",77.6808126488465,250,153.771000000008,131.037069710445
88,"fedorov",83.8646606510133,8,7.2960000000021,131.037069710445
88,"genetic",83.8646606510133,250,152.010999999999,131.037069710445
89,"fedorov",81.3853758940804,7,6.4490000000078,131.037069710445
89,"genetic",81.3853758940804,250,154.774999999994,131.037069710445
90,"fedorov",71.6081789497805,7,6.14499999998952,131.037069710445
90,"genetic",71.6081789497805,250,155.111000000004,131.037069710445
91,"fedorov",42.024692584987,10,8.99300000000221,131.037069710445
91,"genetic",42.024692584987,250,155.34599999999,131.037069710445
92,"fedorov",82.9285929608437,8,7.26900000000023,131.037069710445
92,"genetic",82.9285929608437,250,151.498000000007,131.037069710445
93,"fedorov",84.7802860753542,6,5.33199999999488,131.037069710445
93,"genetic",84.7802860753542,250,152.593999999997,131.037069710445
94,"fedorov",92.2540336512263,8,7.25500000000466,131.037069710445
94,"genetic",92.2540336512263,250,149.20199999999,131.037069710445
95,"fedorov",77.6808126488465,10,9.16899999999441,131.037069710445
95,"genetic",77.6808126488465,250,151.732000000004,131.037069710445
96,"fedorov",84.7802860753542,8,7.14999999999418,131.037069710445
96,"genetic",84.7802860753542,250,152.877999999997,131.037069710445
97,"fedorov",49.473645121005,8,7.07200000000012,131.037069710445
97,"genetic",49.473645121005,250,154.168000000005,131.037069710445
98,"fedorov",84.7802860753542,8,7.36000000000058,131.037069710445
98,"genetic",84.7802860753542,250,151.966,131.037069710445
99,"fedorov",93.3127789204312,8,7.26999999998952,131.037069710445
99,"genetic",93.3127789204312,250,153.171000000002,131.037069710445
100,"fedorov",64.9061762731388,8,7.18399999999383,131.037069710445
100,"genetic",64.9061762731388,250,152.883000000002,131.037069710445
101,"fedorov",82.3566534315983,9,8.16400000000431,131.037069710445
101,"genetic",82.3566534315983,250,151.699999999997,131.037069710445
102,"fedorov",64.5956156545453,10,9.11700000001292,131.037069710445
102,"genetic",64.5956156545453,250,153.830000000002,131.037069710445
103,"fedorov",56.429467943425,7,6.3119999999908,131.037069710445
103,"genetic",56.429467943425,250,153.224999999991,131.037069710445
104,"fedorov",81.3853758940804,7,6.33199999999488,131.037069710445
104,"genetic",81.3853758940804,250,152.531000000003,131.037069710445
105,"fedorov",63.9653743364006,8,7.28399999999965,131.037069710445
105,"genetic",63.9653743364006,250,153.388999999996,131.037069710445
106,"fedorov",76.5865709403552,7,6.29300000000512,131.037069710445
106,"genetic",76.5865709403552,250,154.478000000003,131.037069710445
107,"fedorov",74.7678003715111,10,9.21700000000419,131.037069710445
107,"genetic",74.7678003715111,250,152.304999999993,131.037069710445
108,"fedorov",61.6553018582617,9,8.08400000000256,131.037069710445
108,"genetic",61.6553018582617,250,152.035000000003,131.037069710445
109,"fedorov",83.8646606510133,7,6.10599999999977,131.037069710445
109,"genetic",83.8646606510133,250,152.938000000009,131.037069710445
110,"fedorov",64.9061762731388,8,7.25400000000081,131.037069710445
110,"genetic",64.9061762731388,250,149.974999999991,131.037069710445
111,"fedorov",77.6808126488465,8,7.16300000000047,131.037069710445
111,"genetic",77.6808126488465,250,153.915000000008,131.037069710445
112,"fedorov",71.6081789497805,8,7.27499999999418,131.037069710445
112,"genetic",71.6081789497805,250,152.952999999994,131.037069710445
113,"fedorov",84.4164177086728,7,6.39199999999255,131.037069710445
113,"genetic",84.4164177086728,250,154.597999999998,131.037069710445
114,"fedorov",63.6455421207436,8,7.06399999999849,131.037069710445
114,"genetic",63.6455421207436,250,152.626000000004,131.037069710445
115,"fedorov",56.429467943425,10,9.15200000000186,131.037069710445
115,"genetic",56.429467943425,250,150.554000000004,131.037069710445
116,"fedorov",64.5956156545453,10,9.09400000001187,131.037069710445
116,"genetic",64.5956156545453,250,154.572,131.037069710445
117,"fedorov",51.0206887739668,10,9.56399999999849,131.037069710445
117,"genetic",51.0206887739668,250,156.895000000004,131.037069710445
118,"fedorov",88.9223326122516,8,7.24299999998766,131.037069710445
118,"genetic",88.9223326122516,250,153.149000000005,131.037069710445
119,"fedorov",51.0206887739668,10,9.12599999998929,131.037069710445
119,"genetic",51.0206887739668,250,155.278999999995,131.037069710445
120,"fedorov",68.973104409528,9,8.17699999999604,131.037069710445
120,"genetic",68.973104409528,250,152.687999999995,131.037069710445
121,"fedorov",87.9231206999708,7,6.26200000000244,131.037069710445
121,"genetic",87.9231206999708,250,151.23599999999,131.037069710445
122,"fedorov",91.7927557756245,8,7.14099999998871,131.037069710445
122,"genetic",91.7927557756245,250,154.168999999994,131.037069710445
123,"fedorov",84.0493851699741,9,8.0049999999901,131.037069710445
123,"genetic",84.0493851699741,250,152.464000000007,131.037069710445
124,"fedorov",33.9302202074363,10,8.92999999999302,131.037069710445
124,"genetic",33.9302202074363,250,154.035999999993,131.037069710445
125,"fedorov",84.4164177086728,8,7.3179999999993,131.037069710445
125,"genetic",84.4164177086728,250,159.65800000001,131.037069710445
126,"fedorov",85.4987973338348,8,10.2379999999976,131.037069710445
126,"genetic",85.4987973338348,250,177.792000000001,131.037069710445
127,"fedorov",44.1293541915758,10,12.5310000000027,131.037069710445
127,"genetic",44.1293541915758,250,172.266999999993,131.037069710445
128,"fedorov",61.6553018582618,9,8.26300000000629,131.037069710445
128,"genetic",61.6553018582618,250,154.910000000003,131.037069710445
129,"fedorov",88.0912341508111,8,7.17799999999988,131.037069710445
129,"genetic",88.0912341508111,250,155.853000000003,131.037069710445
130,"fedorov",77.6808126488465,7,6.45500000000175,131.037069710445
130,"genetic",77.6808126488465,250,153.292999999991,131.037069710445
131,"fedorov",95.0738115190348,7,6.2609999999986,131.037069710445
131,"genetic",95.0738115190348,250,154.034,131.037069710445
132,"fedorov",42.024692584987,7,6.48099999999977,131.037069710445
132,"genetic",42.024692584987,250,153.856,131.037069710445
133,"fedorov",84.4164177086728,8,7.30999999999767,131.037069710445
133,"genetic",84.4164177086728,250,154.610000000001,131.037069710445
134,"fedorov",60.9624870134164,10,9.20999999999185,131.037069710445
134,"genetic",60.9624870134164,250,154.170000000013,131.037069710445
135,"fedorov",83.8646606510133,8,7.23399999999674,131.037069710445
135,"genetic",83.8646606510133,250,153.849999999991,131.037069710445
136,"fedorov",78.5345163097848,7,6.52000000000407,131.037069710445
136,"genetic",78.5345163097848,250,154.373999999996,131.037069710445
137,"fedorov",78.5345163097848,8,7.32799999999406,131.037069710445
137,"genetic",78.5345163097848,250,156.566999999995,131.037069710445
138,"fedorov",76.8079206421462,9,8.19000000000233,131.037069710445
138,"genetic",76.8079206421462,250,156.260999999999,131.037069710445
139,"fedorov",79.5762095052112,7,6.25,131.037069710445
139,"genetic",79.5762095052112,250,152.676000000007,131.037069710445
140,"fedorov",76.8079206421462,9,8.28300000001036,131.037069710445
140,"genetic",76.8079206421462,250,155.440000000002,131.037069710445
141,"fedorov",80.9902950319371,6,5.50400000000081,131.037069710445
141,"genetic",80.9902950319371,250,151.841,131.037069710445
142,"fedorov",82.9285929608437,7,6.2439999999915,131.037069710445
142,"genetic",82.9285929608437,250,153.368000000002,131.037069710445
143,"fedorov",75.9147242968915,8,7.3859999999986,131.037069710445
143,"genetic",75.9147242968915,250,152.565999999992,131.037069710445
144,"fedorov",73.8242572953061,9,8.37300000000687,131.037069710445
144,"genetic",73.8242572953061,250,154.604000000007,131.037069710445
145,"fedorov",76.5865709403552,9,8.2450000000099,131.037069710445
145,"genetic",76.5865709403552,250,154.744999999995,131.037069710445
146,"fedorov",76.8079206421462,9,8.23099999999977,131.037069710445
146,"genetic",76.8079206421462,250,153.866999999998,131.037069710445
147,"fedorov",82.9285929608437,9,8.4369999999908,131.037069710445
147,"genetic",82.9285929608437,250,155.862999999998,131.037069710445
148,"fedorov",65.5185348552224,8,7.35000000000582,131.037069710445
148,"genetic",65.5185348552224,250,154.510000000009,131.037069710445
149,"fedorov",71.6081789497805,9,8.22599999999511,131.037069710445
149,"genetic",71.6081789497805,250,155.392999999996,131.037069710445
150,"fedorov",76.8079206421462,7,6.40600000000268,131.037069710445
150,"genetic",76.8079206421462,250,154.879000000001,131.037069710445
151,"fedorov",93.0127357592113,7,6.33699999999953,131.037069710445
151,"genetic",93.0127357592113,250,153.970000000001,131.037069710445
152,"fedorov",58.7833671930189,8,7.27199999999721,131.037069710445
152,"genetic",58.7833671930189,250,156.25,131.037069710445
153,"fedorov",71.6081789497805,7,6.4719999999943,131.037069710445
153,"genetic",71.6081789497805,250,155.154999999999,131.037069710445
154,"fedorov",68.4212959349803,7,6.35400000000664,131.037069710445
154,"genetic",68.4212959349803,250,154.599000000002,131.037069710445
155,"fedorov",49.4736451210051,8,7.11299999999756,131.037069710445
155,"genetic",49.4736451210051,250,153.794999999998,131.037069710445
156,"fedorov",69.5162220815155,6,5.42499999998836,131.037069710445
156,"genetic",69.5162220815155,250,156.547999999995,131.037069710445
157,"fedorov",80.7913008761956,7,6.48800000001211,131.037069710445
157,"genetic",80.7913008761956,250,153.095000000001,131.037069710445
158,"fedorov",91.0134927463167,7,6.40899999999965,131.037069710445
158,"genetic",91.0134927463167,250,153.843999999997,131.037069710445
159,"fedorov",78.5345163097848,7,6.43600000000151,131.037069710445
159,"genetic",78.5345163097848,250,155.557000000001,131.037069710445
160,"fedorov",72.1124785153704,10,9.66100000000733,131.037069710445
160,"genetic",72.1124785153704,250,153.857999999993,131.037069710445
161,"fedorov",70.5777021660771,9,8.24499999999534,131.037069710445
161,"genetic",70.5777021660771,250,157.747000000003,131.037069710445
162,"fedorov",76.8079206421462,9,9.05599999999686,131.037069710445
162,"genetic",76.8079206421462,250,152.747000000003,131.037069710445
163,"fedorov",82.9285929608437,7,6.37299999999232,131.037069710445
163,"genetic",82.9285929608437,250,156.22099999999,131.037069710445
164,"fedorov",75.6881118313888,7,7.18299999998999,131.037069710445
164,"genetic",75.6881118313888,250,154.58600000001,131.037069710445
165,"fedorov",88.9223326122516,7,6.35399999999208,131.037069710445
165,"genetic",88.9223326122516,250,153.275999999998,131.037069710445
166,"fedorov",46.6563894602156,8,7.25,131.037069710445
166,"genetic",46.6563894602156,250,154.233999999997,131.037069710445
167,"fedorov",49.4736451210051,8,7.38299999998708,131.037069710445
167,"genetic",49.4736451210051,250,152.796999999991,131.037069710445
168,"fedorov",90.0604018401815,8,7.33699999999953,131.037069710445
168,"genetic",90.0604018401815,250,155.891999999993,131.037069710445
169,"fedorov",82.7388243503279,8,7.4539999999979,131.037069710445
169,"genetic",82.7388243503279,250,154.047999999995,131.037069710445
170,"fedorov",70.3153291042732,10,9.22100000000501,131.037069710445
170,"genetic",70.3153291042732,250,155.112000000008,131.037069710445
171,"fedorov",71.3533434173108,8,7.25999999999476,131.037069710445
171,"genetic",71.3533434173108,250,152.993000000002,131.037069710445
172,"fedorov",73.8242572953061,9,8.10499999999593,131.037069710445
172,"genetic",73.8242572953061,250,154.229999999996,131.037069710445
173,"fedorov",78.9544949707047,8,7.24800000000687,131.037069710445
173,"genetic",78.9544949707047,250,151.748999999996,131.037069710445
174,"fedorov",60.9624870134164,9,8.34200000000419,131.037069710445
174,"genetic",60.9624870134164,250,154.820000000007,131.037069710445
175,"fedorov",88.0912341508111,9,8.2560000000085,131.037069710445
175,"genetic",88.0912341508111,250,152.731,131.037069710445
176,"fedorov",84.0493851699741,9,8.33299999999872,131.037069710445
176,"genetic",84.0493851699741,250,154.917000000001,131.037069710445
177,"fedorov",87.9231206999708,9,8.3469999999943,131.037069710445
177,"genetic",87.9231206999708,250,155.228000000003,131.037069710445
178,"fedorov",71.0966744962892,10,9.18399999999383,131.037069710445
178,"genetic",71.0966744962892,250,154.167000000001,131.037069710445
179,"fedorov",49.473645121005,7,6.36000000000058,131.037069710445
179,"genetic",49.473645121005,250,152.923999999999,131.037069710445
180,"fedorov",86.554444657838,7,6.59500000000116,131.037069710445
180,"genetic",86.554444657838,250,155.310999999987,131.037069710445
181,"fedorov",78.5345163097848,9,8.36999999999534,131.037069710445
181,"genetic",78.5345163097848,250,153.562999999995,131.037069710445
182,"fedorov",48.9358455146108,10,9.28800000000047,131.037069710445
182,"genetic",48.9358455146108,250,154.402999999991,131.037069710445
183,"fedorov",82.9285929608437,7,6.27499999999418,131.037069710445
183,"genetic",82.9285929608437,250,154.553,131.037069710445
184,"fedorov",78.9544949707047,10,9.35599999999977,131.037069710445
184,"genetic",78.9544949707047,250,154.044999999998,131.037069710445
185,"fedorov",64.9061762731388,8,7.34799999999814,131.037069710445
185,"genetic",64.9061762731388,250,155.282000000007,131.037069710445
186,"fedorov",80.7913008761956,7,6.25099999998929,131.037069710445
186,"genetic",80.7913008761956,250,156.103000000003,131.037069710445
187,"fedorov",85.4987973338348,8,7.35099999999511,131.037069710445
187,"genetic",85.4987973338348,250,152.915999999997,131.037069710445
188,"fedorov",82.3566534315983,8,7.375,131.037069710445
188,"genetic",82.3566534315983,250,155.356,131.037069710445
189,"fedorov",60.2535566043808,8,7.2840000000142,131.037069710445
189,"genetic",60.2535566043808,250,153.183999999994,131.037069710445
190,"fedorov",76.8079206421462,7,6.3130000000092,131.037069710445
190,"genetic",76.8079206421462,250,150.880000000005,131.037069710445
191,"fedorov",71.6081789497805,7,6.4600000000064,131.037069710445
191,"genetic",71.6081789497805,250,152.895000000004,131.037069710445
192,"fedorov",58.7833671930189,9,8.35800000000745,131.037069710445
192,"genetic",58.7833671930189,250,154.561999999991,131.037069710445
193,"fedorov",61.6553018582617,8,7.48699999999371,131.037069710445
193,"genetic",61.6553018582617,250,156.110000000001,131.037069710445
194,"fedorov",67.5765021968778,10,9.29999999998836,131.037069710445
194,"genetic",67.5765021968778,250,157.273000000001,131.037069710445
195,"fedorov",88.9223326122516,8,7.38700000000244,131.037069710445
195,"genetic",88.9223326122516,250,154.304999999993,131.037069710445
196,"fedorov",78.9544949707047,8,7.34599999999045,131.037069710445
196,"genetic",78.9544949707047,250,153.854000000007,131.037069710445
197,"fedorov",82.7388243503279,8,7.27700000000186,131.037069710445
197,"genetic",82.7388243503279,250,153.370999999999,131.037069710445
198,"fedorov",76.8079206421462,7,6.20799999999872,131.037069710445
198,"genetic",76.8079206421462,250,153.319000000003,131.037069710445
199,"fedorov",87.2441505863611,8,7.25800000000163,131.037069710445
199,"genetic",87.2441505863611,250,155.093999999997,131.037069710445
200,"fedorov",73.1004434553216,8,7.38199999999779,131.037069710445
200,"genetic",73.1004434553216,250,154.267999999996,131.037069710445
201,"fedorov",84.7802860753542,9,8.38999999999942,131.037069710445
201,"genetic",84.7802860753542,250,152.436999999991,131.037069710445
202,"fedorov",84.7802860753542,8,7.49300000000221,131.037069710445
202,"genetic",84.7802860753542,250,152.437999999995,131.037069710445
203,"fedorov",76.8079206421462,7,6.47599999999511,131.037069710445
203,"genetic",76.8079206421462,250,154.371999999988,131.037069710445
204,"fedorov",68.973104409528,6,5.38999999999942,131.037069710445
204,"genetic",68.973104409528,250,154.300000000003,131.037069710445
205,"fedorov",64.9061762731388,8,7.38000000000466,131.037069710445
205,"genetic",64.9061762731388,250,154.597999999998,131.037069710445
206,"fedorov",81.3853758940804,6,5.31600000000617,131.037069710445
206,"genetic",81.3853758940804,250,155.737000000008,131.037069710445
207,"fedorov",92.2540336512263,7,6.59900000000198,131.037069710445
207,"genetic",92.2540336512263,250,154.650000000009,131.037069710445
208,"fedorov",76.5865709403552,9,8.29699999999139,131.037069710445
208,"genetic",76.5865709403552,250,153.820999999996,131.037069710445
209,"fedorov",62.3328869029831,9,8.45699999999488,131.037069710445
209,"genetic",62.3328869029831,250,154.849000000002,131.037069710445
210,"fedorov",44.1293541915758,10,9.5679999999993,131.037069710445
210,"genetic",44.1293541915758,250,155.162000000011,131.037069710445
211,"fedorov",80.7913008761956,8,7.47599999999511,131.037069710445
211,"genetic",80.7913008761956,250,157.062000000005,131.037069710445
212,"fedorov",85.4987973338348,7,6.41199999999662,131.037069710445
212,"genetic",85.4987973338348,250,156.161000000007,131.037069710445
213,"fedorov",71.3533434173108,6,5.51799999999639,131.037069710445
213,"genetic",71.3533434173108,250,152.270999999993,131.037069710445
214,"fedorov",70.5777021660771,8,7.3179999999993,131.037069710445
214,"genetic",70.5777021660771,250,152.928,131.037069710445
215,"fedorov",81.3853758940804,6,5.36700000001292,131.037069710445
215,"genetic",81.3853758940804,250,154.892999999996,131.037069710445
216,"fedorov",94.4940787421155,7,6.41199999999662,131.037069710445
216,"genetic",94.4940787421155,250,153.008999999991,131.037069710445
217,"fedorov",78.9544949707047,8,7.52000000000407,131.037069710445
217,"genetic",78.9544949707047,250,153.859000000011,131.037069710445
218,"fedorov",78.9544949707047,9,8.54599999998754,131.037069710445
218,"genetic",78.9544949707047,250,154.585999999996,131.037069710445
219,"fedorov",61.6553018582617,8,7.38800000000629,131.037069710445
219,"genetic",61.6553018582617,250,153.277000000002,131.037069710445
220,"fedorov",44.1293541915758,10,9.30399999998917,131.037069710445
220,"genetic",44.1293541915758,250,155.108999999997,131.037069710445
221,"fedorov",61.6553018582617,8,7.45199999999022,131.037069710445
221,"genetic",61.6553018582617,250,154.02399999999,131.037069710445
222,"fedorov",92.4067723964214,7,6.52399999999034,131.037069710445
222,"genetic",92.4067723964214,250,154.849999999991,131.037069710445
223,"fedorov",70.5777021660771,8,7.61599999999453,131.037069710445
223,"genetic",70.5777021660771,250,156.225999999995,131.037069710445
224,"fedorov",61.6553018582617,8,7.28800000000047,131.037069710445
224,"genetic",61.6553018582617,250,155.073999999993,131.037069710445
225,"fedorov",84.4164177086728,7,6.41700000000128,131.037069710445
225,"genetic",84.4164177086728,250,153.28899999999,131.037069710445
226,"fedorov",70.5777021660771,8,7.50500000000466,131.037069710445
226,"genetic",70.5777021660771,250,154.48000000001,131.037069710445
227,"fedorov",90.856029641607,6,5.50100000000384,131.037069710445
227,"genetic",90.856029641607,250,154.981,131.037069710445
228,"fedorov",63.6455421207436,7,6.48500000000058,131.037069710445
228,"genetic",63.6455421207436,250,154.092000000004,131.037069710445
229,"fedorov",78.5345163097848,8,7.46899999999732,131.037069710445
229,"genetic",78.5345163097848,250,154.497999999992,131.037069710445
230,"fedorov",62.6662241870573,10,9.3640000000014,131.037069710445
230,"genetic",62.6662241870573,250,155.794999999998,131.037069710445
231,"fedorov",83.3055462911488,6,5.55000000000291,131.037069710445
231,"genetic",83.3055462911488,250,155.584000000003,131.037069710445
232,"fedorov",56.429467943425,10,9.2439999999915,131.037069710445
232,"genetic",56.429467943425,250,154.947,131.037069710445
233,"fedorov",75.6881118313888,8,7.50100000000384,131.037069710445
233,"genetic",75.6881118313888,250,153.834000000003,131.037069710445
234,"fedorov",74.7678003715111,10,9.47699999999895,131.037069710445
234,"genetic",74.7678003715111,250,155.400000000009,131.037069710445
235,"fedorov",67.5765021968778,9,8.2960000000021,131.037069710445
235,"genetic",67.5765021968778,250,155.342000000004,131.037069710445
236,"fedorov",33.9302202074363,9,8.42000000001281,131.037069710445
236,"genetic",33.9302202074363,250,152.413,131.037069710445
237,"fedorov",88.9223326122516,7,6.69600000001083,131.037069710445
237,"genetic",88.9223326122516,250,156.389999999999,131.037069710445
238,"fedorov",87.9231206999708,8,7.25,131.037069710445
238,"genetic",87.9231206999708,250,152.351999999999,131.037069710445
239,"fedorov",70.8381388512133,9,8.44800000000396,131.037069710445
239,"genetic",70.8381388512133,250,153.52900000001,131.037069710445
240,"fedorov",92.2540336512263,8,7.28500000000349,131.037069710445
240,"genetic",92.2540336512263,250,154.114000000001,131.037069710445
241,"fedorov",77.6808126488465,10,9.26299999999173,131.037069710445
241,"genetic",77.6808126488465,250,154.570000000007,131.037069710445
242,"fedorov",71.3533434173108,6,5.52500000000873,131.037069710445
242,"genetic",71.3533434173108,250,153.974000000002,131.037069710445
243,"fedorov",87.9231206999708,9,8.43099999999686,131.037069710445
243,"genetic",87.9231206999708,250,153.539999999994,131.037069710445
244,"fedorov",70.8381388512133,8,7.33599999999569,131.037069710445
244,"genetic",70.8381388512133,250,154.163,131.037069710445
245,"fedorov",65.5185348552224,9,8.40399999999499,131.037069710445
245,"genetic",65.5185348552224,250,153.930999999997,131.037069710445
246,"fedorov",70.3153291042732,9,8.16700000000128,131.037069710445
246,"genetic",70.3153291042732,250,154.437000000005,131.037069710445
247,"fedorov",78.9544949707047,8,7.5570000000007,131.037069710445
247,"genetic",78.9544949707047,250,156.736999999994,131.037069710445
248,"fedorov",70.5777021660771,9,8.4369999999908,131.037069710445
248,"genetic",70.5777021660771,250,153.967999999993,131.037069710445
249,"fedorov",76.8079206421462,9,8.24899999999616,131.037069710445
249,"genetic",76.8079206421462,250,154.896999999997,131.037069710445
250,"fedorov",62.3328869029831,9,8.28100000000268,131.037069710445
250,"genetic",62.3328869029831,250,153.879000000001,131.037069710445
251,"fedorov",55.1750620305263,10,9.56699999999546,131.037069710445
251,"genetic",55.1750620305263,250,152.846000000005,131.037069710445
252,"fedorov",73.5845664610417,7,6.57799999999406,131.037069710445
252,"genetic",73.5845664610417,250,156.148000000001,131.037069710445
253,"fedorov",88.0912341508111,8,7.39499999998952,131.037069710445
253,"genetic",88.0912341508111,250,151.777000000002,131.037069710445
254,"fedorov",77.6808126488465,10,9.49099999999453,131.037069710445
254,"genetic",77.6808126488465,250,154.426999999996,131.037069710445
255,"fedorov",52.0020955762976,10,9.2450000000099,131.037069710445
255,"genetic",52.0020955762976,250,155.046000000002,131.037069710445
256,"fedorov",82.7388243503279,7,6.34900000000198,131.037069710445
256,"genetic",82.7388243503279,250,154.668999999994,131.037069710445
257,"fedorov",60.2535566043808,9,8.28200000000652,131.037069710445
257,"genetic",60.2535566043808,250,154.493000000002,131.037069710445
258,"fedorov",69.5162220815155,6,5.52999999999884,131.037069710445
258,"genetic",69.5162220815155,250,156.308000000005,131.037069710445
259,"fedorov",60.9624870134164,9,8.35400000000664,131.037069710445
259,"genetic",60.9624870134164,250,155.307000000001,131.037069710445
260,"fedorov",38.8404063244232,10,9.35399999999208,131.037069710445
260,"genetic",38.8404063244232,250,153.683000000005,131.037069710445
261,"fedorov",80.9902950319371,8,7.28100000000268,131.037069710445
261,"genetic",80.9902950319371,250,153.951000000001,131.037069710445
262,"fedorov",70.5777021660771,8,7.44599999999627,131.037069710445
262,"genetic",70.5777021660771,250,153.724000000002,131.037069710445
263,"fedorov",63.6455421207436,9,8.38300000000163,131.037069710445
263,"genetic",63.6455421207436,250,154.116000000009,131.037069710445
264,"fedorov",81.3853758940804,9,8.20300000000861,131.037069710445
264,"genetic",81.3853758940804,250,154.195999999996,131.037069710445
265,"fedorov",70.5777021660771,8,7.38300000000163,131.037069710445
265,"genetic",70.5777021660771,250,156.356,131.037069710445
266,"fedorov",81.3853758940804,9,8.48600000000442,131.037069710445
266,"genetic",81.3853758940804,250,152.974999999991,131.037069710445
267,"fedorov",82.7388243503279,8,7.36900000000605,131.037069710445
267,"genetic",82.7388243503279,250,154.619999999995,131.037069710445
268,"fedorov",39.685026299205,9,8.49099999999453,131.037069710445
268,"genetic",39.685026299205,250,154.684000000008,131.037069710445
269,"fedorov",70.5777021660771,8,7.34900000000198,131.037069710445
269,"genetic",70.5777021660771,250,154.039999999994,131.037069710445
270,"fedorov",76.8079206421462,8,7.31899999998859,131.037069710445
270,"genetic",76.8079206421462,250,154.672000000006,131.037069710445
271,"fedorov",61.6553018582617,8,7.2329999999929,131.037069710445
271,"genetic",61.6553018582617,250,156.078000000009,131.037069710445
272,"fedorov",68.4212959349803,7,6.45599999999104,131.037069710445
272,"genetic",68.4212959349803,250,152.300999999992,131.037069710445
273,"fedorov",77.6808126488465,9,8.28200000000652,131.037069710445
273,"genetic",77.6808126488465,250,153.120999999999,131.037069710445
274,"fedorov",88.9223326122516,7,6.35700000000361,131.037069710445
274,"genetic",88.9223326122516,250,156.380000000005,131.037069710445
275,"fedorov",48.9358455146108,9,8.67300000000978,131.037069710445
275,"genetic",48.9358455146108,250,155.827000000005,131.037069710445
276,"fedorov",72.8559585406432,9,8.27700000000186,131.037069710445
276,"genetic",72.8559585406432,250,155.834000000003,131.037069710445
277,"fedorov",76.8079206421462,9,8.24800000000687,131.037069710445
277,"genetic",76.8079206421462,250,154.585999999996,131.037069710445
278,"fedorov",78.5345163097848,7,6.49300000000221,131.037069710445
278,"genetic",78.5345163097848,250,153.255999999994,131.037069710445
279,"fedorov",87.2441505863611,6,5.30500000000757,131.037069710445
279,"genetic",87.2441505863611,250,153.236999999994,131.037069710445
280,"fedorov",88.9223326122516,8,7.51699999999255,131.037069710445
280,"genetic",88.9223326122516,250,153.853999999992,131.037069710445
281,"fedorov",61.6553018582617,9,8.32800000000861,131.037069710445
281,"genetic",61.6553018582617,250,156.20199999999,131.037069710445
282,"fedorov",88.9223326122516,7,6.28899999998976,131.037069710445
282,"genetic",88.9223326122516,250,153.614999999991,131.037069710445
283,"fedorov",84.4164177086728,7,6.41199999999662,131.037069710445
283,"genetic",84.4164177086728,250,154.190999999992,131.037069710445
284,"fedorov",63.9653743364006,8,7.31100000000151,131.037069710445
284,"genetic",63.9653743364006,250,155.488000000012,131.037069710445
285,"fedorov",79.5762095052112,9,8.43499999999767,131.037069710445
285,"genetic",79.5762095052112,250,155.876000000004,131.037069710445
286,"fedorov",82.7388243503279,7,6.39999999999418,131.037069710445
286,"genetic",82.7388243503279,250,153.869999999995,131.037069710445
287,"fedorov",87.2441505863611,6,5.58300000001327,131.037069710445
287,"genetic",87.2441505863611,250,153.375,131.037069710445
288,"fedorov",72.1124785153704,10,9.3859999999986,131.037069710445
288,"genetic",72.1124785153704,250,153.909,131.037069710445
289,"fedorov",70.5777021660771,9,8.2560000000085,131.037069710445
289,"genetic",70.5777021660771,250,152.981,131.037069710445
290,"fedorov",70.5777021660771,8,7.28599999999278,131.037069710445
290,"genetic",70.5777021660771,250,155.515999999989,131.037069710445
291,"fedorov",58.7833671930189,9,8.21800000000803,131.037069710445
291,"genetic",58.7833671930189,250,156.425000000003,131.037069710445
292,"fedorov",72.1124785153704,10,9.32600000000093,131.037069710445
292,"genetic",72.1124785153704,250,154.128000000012,131.037069710445
293,"fedorov",66.7100412180486,9,8.37900000000081,131.037069710445
293,"genetic",66.7100412180486,250,154.490000000005,131.037069710445
294,"fedorov",87.9231206999708,8,7.22500000000582,131.037069710445
294,"genetic",87.9231206999708,250,154.281999999992,131.037069710445
295,"fedorov",78.9544949707047,9,8.4320000000007,131.037069710445
295,"genetic",78.9544949707047,250,155.526999999987,131.037069710445
296,"fedorov",49.473645121005,8,7.74899999999616,131.037069710445
296,"genetic",49.473645121005,250,155.464999999997,131.037069710445
297,"fedorov",79.5762095052112,8,7.28599999999278,131.037069710445
297,"genetic",79.5762095052112,250,155.661999999997,131.037069710445
298,"fedorov",71.3533434173108,6,5.43300000000454,131.037069710445
298,"genetic",71.3533434173108,250,154.150999999998,131.037069710445
299,"fedorov",71.6081789497805,8,7.2960000000021,131.037069710445
299,"genetic",71.6081789497805,250,155.625999999989,131.037069710445
300,"fedorov",61.6553018582617,10,9.27900000000955,131.037069710445
300,"genetic",61.6553018582617,250,157.534999999989,131.037069710445
301,"fedorov",61.6553018582617,8,7.38999999999942,131.037069710445
301,"genetic",61.6553018582617,250,153.891000000003,131.037069710445
302,"fedorov",80.7913008761956,7,6.70799999999872,131.037069710445
302,"genetic",80.7913008761956,250,154.259000000005,131.037069710445
303,"fedorov",60.2535566043808,9,8.18000000000757,131.037069710445
303,"genetic",60.2535566043808,250,155.823000000004,131.037069710445
304,"fedorov",78.9544949707047,9,8.42399999999907,131.037069710445
304,"genetic",78.9544949707047,250,153.172999999995,131.037069710445
305,"fedorov",58.7833671930189,9,8.67900000000373,131.037069710445
305,"genetic",58.7833671930189,250,155.050999999992,131.037069710445
306,"fedorov",75.6881118313888,10,9.24100000000908,131.037069710445
306,"genetic",75.6881118313888,250,154.051999999996,131.037069710445
307,"fedorov",80.7913008761956,6,5.36299999999756,131.037069710445
307,"genetic",80.7913008761956,250,156.724000000002,131.037069710445
308,"fedorov",61.6553018582618,8,7.3469999999943,131.037069710445
308,"genetic",61.6553018582618,250,155.930000000008,131.037069710445
309,"fedorov",72.1124785153704,9,8.42600000000675,131.037069710445
309,"genetic",72.1124785153704,250,153.698000000004,131.037069710445
310,"fedorov",63.6455421207436,9,8.31600000000617,131.037069710445
310,"genetic",63.6455421207436,250,155.811000000002,131.037069710445
311,"fedorov",76.3639343036201,6,5.35300000000279,131.037069710445
311,"genetic",76.3639343036201,250,153.782999999996,131.037069710445
312,"fedorov",78.9544949707047,9,8.59799999999814,131.037069710445
312,"genetic",78.9544949707047,250,154.024000000005,131.037069710445
313,"fedorov",54.7439892485986,7,6.33599999999569,131.037069710445
313,"genetic",54.7439892485986,250,156.904999999999,131.037069710445
314,"fedorov",71.3533434173108,9,8.28700000001118,131.037069710445
314,"genetic",71.3533434173108,250,155.14499999999,131.037069710445
315,"fedorov",67.5765021968778,9,8.35500000001048,131.037069710445
315,"genetic",67.5765021968778,250,156.150999999998,131.037069710445
316,"fedorov",81.3853758940804,6,5.44400000000314,131.037069710445
316,"genetic",81.3853758940804,250,155.146000000008,131.037069710445
317,"fedorov",42.7493986669174,8,7.35199999999895,131.037069710445
317,"genetic",42.7493986669174,250,151.697,131.037069710445
318,"fedorov",62.6662241870573,9,8.16099999999278,131.037069710445
318,"genetic",62.6662241870573,250,154.521999999997,131.037069710445
319,"fedorov",72.8559585406432,7,6.33400000000256,131.037069710445
319,"genetic",72.8559585406432,250,154.920999999988,131.037069710445
320,"fedorov",76.8079206421462,7,6.32000000000698,131.037069710445
320,"genetic",76.8079206421462,250,154.763999999996,131.037069710445
321,"fedorov",81.3853758940804,6,5.31299999999464,131.037069710445
321,"genetic",81.3853758940804,250,153.146999999997,131.037069710445
322,"fedorov",83.8646606510133,8,7.26800000001094,131.037069710445
322,"genetic",83.8646606510133,250,157.173999999999,131.037069710445
323,"fedorov",84.0493851699741,8,7.84399999999732,131.037069710445
323,"genetic",84.0493851699741,250,154.493999999992,131.037069710445
324,"fedorov",67.5765021968778,8,7.29399999999441,131.037069710445
324,"genetic",67.5765021968778,250,155.828999999998,131.037069710445
325,"fedorov",84.2333012600667,7,6.47699999999895,131.037069710445
325,"genetic",84.2333012600667,250,154.368000000002,131.037069710445
326,"fedorov",67.5765021968778,10,9.48800000001211,131.037069710445
326,"genetic",67.5765021968778,250,152.560999999987,131.037069710445
327,"fedorov",70.8381388512133,7,6.74000000000524,131.037069710445
327,"genetic",70.8381388512133,250,156.153999999995,131.037069710445
328,"fedorov",78.9544949707047,9,8.34799999999814,131.037069710445
328,"genetic",78.9544949707047,250,153.262999999992,131.037069710445
329,"fedorov",81.3853758940804,6,5.43300000000454,131.037069710445
329,"genetic",81.3853758940804,250,154.239999999991,131.037069710445
330,"fedorov",55.5995022642329,10,9.52000000000407,131.037069710445
330,"genetic",55.5995022642329,250,154.619999999995,131.037069710445
331,"fedorov",83.8646606510133,7,6.33000000000175,131.037069710445
331,"genetic",83.8646606510133,250,155.395999999993,131.037069710445
332,"fedorov",88.9223326122516,8,7.52300000000105,131.037069710445
332,"genetic",88.9223326122516,250,154.725999999995,131.037069710445
333,"fedorov",78.9544949707047,9,8.26699999999255,131.037069710445
333,"genetic",78.9544949707047,250,153.179999999993,131.037069710445
334,"fedorov",76.8079206421462,7,6.59599999999045,131.037069710445
334,"genetic",76.8079206421462,250,155.131999999998,131.037069710445
335,"fedorov",65.5185348552224,9,8.36000000000058,131.037069710445
335,"genetic",65.5185348552224,250,152.926000000007,131.037069710445
336,"fedorov",94.9295414771857,6,5.5619999999908,131.037069710445
336,"genetic",94.9295414771857,250,154.639999999999,131.037069710445
337,"fedorov",55.1750620305263,10,9.36800000000221,131.037069710445
337,"genetic",55.1750620305263,250,155.900999999998,131.037069710445
338,"fedorov",70.5777021660771,8,7.23700000000827,131.037069710445
338,"genetic",70.5777021660771,250,153.815999999992,131.037069710445
339,"fedorov",75.9147242968915,9,8.63000000000466,131.037069710445
339,"genetic",75.9147242968915,250,153.138999999996,131.037069710445
340,"fedorov",59.5275394488075,9,8.40000000000873,131.037069710445
340,"genetic",59.5275394488075,250,154.222999999998,131.037069710445
341,"fedorov",70.3153291042732,9,8.25,131.037069710445
341,"genetic",70.3153291042732,250,152.746999999988,131.037069710445
342,"fedorov",60.2535566043808,9,8.42799999999988,131.037069710445
342,"genetic",60.2535566043808,250,153.735000000001,131.037069710445
343,"fedorov",78.9544949707047,6,5.48399999999674,131.037069710445
343,"genetic",78.9544949707047,250,154.233999999997,131.037069710445
344,"fedorov",68.4212959349803,9,8.57299999998941,131.037069710445
344,"genetic",68.4212959349803,250,155.236000000004,131.037069710445
345,"fedorov",81.3853758940804,7,6.33299999999872,131.037069710445
345,"genetic",81.3853758940804,250,151.653000000006,131.037069710445
346,"fedorov",71.3533434173108,8,7.4429999999993,131.037069710445
346,"genetic",71.3533434173108,250,183.912000000011,131.037069710445
347,"fedorov",63.6455421207436,9,11.3410000000003,131.037069710445
347,"genetic",63.6455421207436,250,171.989000000001,131.037069710445
348,"fedorov",52.0020955762976,10,9.14400000000023,131.037069710445
348,"genetic",52.0020955762976,250,153.004000000001,131.037069710445
349,"fedorov",90.856029641607,8,7.27899999999499,131.037069710445
349,"genetic",90.856029641607,250,151.351999999999,131.037069710445
350,"fedorov",51.0206887739668,7,6.29100000001199,131.037069710445
350,"genetic",51.0206887739668,250,153.738000000012,131.037069710445
351,"fedorov",94.4940787421155,7,6.27599999999802,131.037069710445
351,"genetic",94.4940787421155,250,153.608999999997,131.037069710445
352,"fedorov",43.4503330610806,7,6.31200000000536,131.037069710445
352,"genetic",43.4503330610806,250,153.297999999995,131.037069710445
353,"fedorov",61.6553018582617,8,7.15000000000873,131.037069710445
353,"genetic",61.6553018582617,250,151.285000000003,131.037069710445
354,"fedorov",58.7833671930189,8,7.13700000000244,131.037069710445
354,"genetic",58.7833671930189,250,154.672999999995,131.037069710445
355,"fedorov",56.429467943425,10,9.23600000000442,131.037069710445
355,"genetic",56.429467943425,250,151.017999999996,131.037069710445
356,"fedorov",61.6553018582617,7,6.37400000001071,131.037069710445
356,"genetic",61.6553018582617,250,156.180000000008,131.037069710445
357,"fedorov",68.973104409528,7,6.31399999999849,131.037069710445
357,"genetic",68.973104409528,250,151.347999999998,131.037069710445
358,"fedorov",83.8646606510133,8,7.33499999999185,131.037069710445
358,"genetic",83.8646606510133,250,154.415999999997,131.037069710445
359,"fedorov",88.9223326122516,7,6.30900000000838,131.037069710445
359,"genetic",88.9223326122516,250,154.531999999992,131.037069710445
360,"fedorov",78.9544949707047,10,9.16899999999441,131.037069710445
360,"genetic",78.9544949707047,250,151.652000000002,131.037069710445
361,"fedorov",68.973104409528,9,8.24700000000303,131.037069710445
361,"genetic",68.973104409528,250,154.077999999994,131.037069710445
362,"fedorov",88.9223326122516,8,7.15000000000873,131.037069710445
362,"genetic",88.9223326122516,250,153.27900000001,131.037069710445
363,"fedorov",75.6881118313888,10,8.97500000000582,131.037069710445
363,"genetic",75.6881118313888,250,153.823000000004,131.037069710445
364,"fedorov",82.1642306430304,8,7.16899999999441,131.037069710445
364,"genetic",82.1642306430304,250,151.903000000006,131.037069710445
365,"fedorov",84.0493851699741,9,8.1359999999986,131.037069710445
365,"genetic",84.0493851699741,250,155.272000000012,131.037069710445
366,"fedorov",82.5481812223657,7,6.2390000000014,131.037069710445
366,"genetic",82.5481812223657,250,154.955999999991,131.037069710445
367,"fedorov",88.0912341508111,7,6.28399999999965,131.037069710445
367,"genetic",88.0912341508111,250,153.525999999998,131.037069710445
368,"fedorov",65.5185348552224,8,7.46699999998964,131.037069710445
368,"genetic",65.5185348552224,250,152.678,131.037069710445
369,"fedorov",75.6881118313888,8,7.3579999999929,131.037069710445
369,"genetic",75.6881118313888,250,154.881000000008,131.037069710445
370,"fedorov",83.8646606510133,8,7.2780000000057,131.037069710445
370,"genetic",83.8646606510133,250,155.934000000008,131.037069710445
371,"fedorov",92.2540336512263,7,6.36599999999453,131.037069710445
371,"genetic",92.2540336512263,250,154.005999999994,131.037069710445
372,"fedorov",93.3127789204312,8,7.37200000000303,131.037069710445
372,"genetic",93.3127789204312,250,155.381000000008,131.037069710445
373,"fedorov",77.028001846863,9,8.49599999999919,131.037069710445
373,"genetic",77.028001846863,250,152.904999999999,131.037069710445
374,"fedorov",78.9544949707047,8,7.34500000000116,131.037069710445
374,"genetic",78.9544949707047,250,156.512000000002,131.037069710445
375,"fedorov",80.7913008761956,7,6.37300000000687,131.037069710445
375,"genetic",80.7913008761956,250,155.350999999995,131.037069710445
376,"fedorov",84.2333012600667,7,6.40899999999965,131.037069710445
376,"genetic",84.2333012600667,250,156.320999999996,131.037069710445
377,"fedorov",70.5777021660771,8,7.40399999999499,131.037069710445
377,"genetic",70.5777021660771,250,155.875999999989,131.037069710445
378,"fedorov",78.9544949707047,9,8.4429999999993,131.037069710445
378,"genetic",78.9544949707047,250,163.601999999999,131.037069710445
379,"fedorov",91.7927557756245,8,10.281999999992,131.037069710445
379,"genetic",91.7927557756245,250,177.713999999993,131.037069710445
380,"fedorov",75,7,8.8810000000085,131.037069710445
380,"genetic",75,250,165.425000000003,131.037069710445
381,"fedorov",60.9624870134164,9,8.38800000000629,131.037069710445
381,"genetic",60.9624870134164,250,152.69200000001,131.037069710445
382,"fedorov",74.7678003715111,10,9.62799999999697,131.037069710445
382,"genetic",74.7678003715111,250,155.180000000008,131.037069710445
383,"fedorov",48.9358455146108,9,8.28699999999662,131.037069710445
383,"genetic",48.9358455146108,250,153.479999999996,131.037069710445
384,"fedorov",88.0912341508111,7,6.41400000000431,131.037069710445
384,"genetic",88.0912341508111,250,158.032000000007,131.037069710445
385,"fedorov",56.0175593319645,8,7.3689999999915,131.037069710445
385,"genetic",56.0175593319645,250,153.197,131.037069710445
386,"fedorov",80.5913215908364,7,6.4210000000021,131.037069710445
386,"genetic",80.5913215908364,250,153.252000000008,131.037069710445
387,"fedorov",72.36200465078,7,6.59599999999045,131.037069710445
387,"genetic",72.36200465078,250,154.509000000005,131.037069710445
388,"fedorov",76.8079206421462,9,8.39400000000023,131.037069710445
388,"genetic",76.8079206421462,250,152.171000000002,131.037069710445
389,"fedorov",71.6081789497805,8,7.32699999999022,131.037069710445
389,"genetic",71.6081789497805,250,152.084000000003,131.037069710445
390,"fedorov",82.9285929608437,7,6.2609999999986,131.037069710445
390,"genetic",82.9285929608437,250,155.291999999987,131.037069710445
391,"fedorov",74.5341494717961,7,6.39400000000023,131.037069710445
391,"genetic",74.5341494717961,250,154.349999999991,131.037069710445
392,"fedorov",87.2441505863611,8,7.34500000000116,131.037069710445
392,"genetic",87.2441505863611,250,153.192999999999,131.037069710445
393,"fedorov",81.3853758940804,6,5.48399999999674,131.037069710445
393,"genetic",81.3853758940804,250,153.686999999991,131.037069710445
394,"fedorov",98.0074355735454,6,5.4939999999915,131.037069710445
394,"genetic",98.0074355735454,250,153.262999999992,131.037069710445
395,"fedorov",77.6808126488465,9,8.24200000001292,131.037069710445
395,"genetic",77.6808126488465,250,154.548999999999,131.037069710445
396,"fedorov",83.8646606510133,8,7.39199999999255,131.037069710445
396,"genetic",83.8646606510133,250,152.414999999994,131.037069710445
397,"fedorov",84.0493851699741,8,7.76699999999255,131.037069710445
397,"genetic",84.0493851699741,250,156.260999999999,131.037069710445
398,"fedorov",78.9544949707047,9,8.29700000000594,131.037069710445
398,"genetic",78.9544949707047,250,153.329999999987,131.037069710445
399,"fedorov",82.9285929608437,5,4.40999999998894,131.037069710445
399,"genetic",82.9285929608437,250,155.884999999995,131.037069710445
400,"fedorov",78.9544949707047,7,6.54399999999441,131.037069710445
400,"genetic",78.9544949707047,250,152.415000000008,131.037069710445
401,"fedorov",88.9223326122516,8,7.34900000000198,131.037069710445
401,"genetic",88.9223326122516,250,154.977999999988,131.037069710445
402,"fedorov",86.554444657838,7,6.5619999999908,131.037069710445
402,"genetic",86.554444657838,250,155.853999999992,131.037069710445
403,"fedorov",78.5345163097848,9,8.6310000000085,131.037069710445
403,"genetic",78.5345163097848,250,153.721000000005,131.037069710445
404,"fedorov",78.9544949707047,8,7.49000000000524,131.037069710445
404,"genetic",78.9544949707047,250,155.510000000009,131.037069710445
405,"fedorov",66.7100412180486,10,9.34199999998964,131.037069710445
405,"genetic",66.7100412180486,250,155.982999999993,131.037069710445
406,"fedorov",46.6563894602156,7,6.44199999999546,131.037069710445
406,"genetic",46.6563894602156,250,153.263999999996,131.037069710445
407,"fedorov",56.429467943425,10,9.50299999999697,131.037069710445
407,"genetic",56.429467943425,250,151.520000000004,131.037069710445
408,"fedorov",68.4212959349803,9,8.24000000000524,131.037069710445
408,"genetic",68.4212959349803,250,154.491999999998,131.037069710445
409,"fedorov",79.5762095052112,9,8.3979999999865,131.037069710445
409,"genetic",79.5762095052112,250,155.108999999997,131.037069710445
410,"fedorov",61.6553018582618,7,6.93999999998778,131.037069710445
410,"genetic",61.6553018582618,250,155.513000000006,131.037069710445
411,"fedorov",78.9544949707047,6,5.45300000000861,131.037069710445
411,"genetic",78.9544949707047,250,152.328999999998,131.037069710445
412,"fedorov",75.6881118313888,8,7.31400000001304,131.037069710445
412,"genetic",75.6881118313888,250,155.071999999986,131.037069710445
413,"fedorov",78.9544949707047,8,7.6929999999993,131.037069710445
413,"genetic",78.9544949707047,250,155.852000000014,131.037069710445
414,"fedorov",64.9061762731388,9,8.62799999999697,131.037069710445
414,"genetic",64.9061762731388,250,156.741999999998,131.037069710445
415,"fedorov",73.8242572953061,9,8.41000000000349,131.037069710445
415,"genetic",73.8242572953061,250,155.491999999998,131.037069710445
416,"fedorov",78.9544949707047,9,8.45100000000093,131.037069710445
416,"genetic",78.9544949707047,250,154.533999999985,131.037069710445
417,"fedorov",88.9223326122516,8,7.38300000000163,131.037069710445
417,"genetic",88.9223326122516,250,152.462,131.037069710445
418,"fedorov",78.9544949707047,9,8.41699999998673,131.037069710445
418,"genetic",78.9544949707047,250,154.691000000021,131.037069710445
419,"fedorov",39.685026299205,9,8.29800000000978,131.037069710445
419,"genetic",39.685026299205,250,155.72099999999,131.037069710445
420,"fedorov",75.9147242968915,9,8.6140000000014,131.037069710445
420,"genetic",75.9147242968915,250,155.54800000001,131.037069710445
421,"fedorov",56.429467943425,9,8.33400000000256,131.037069710445
421,"genetic",56.429467943425,250,155.893000000011,131.037069710445
422,"fedorov",73.8242572953061,9,8.25500000000466,131.037069710445
422,"genetic",73.8242572953061,250,154.627999999997,131.037069710445
423,"fedorov",82.9285929608437,6,5.43299999998999,131.037069710445
423,"genetic",82.9285929608437,250,154.660000000003,131.037069710445
424,"fedorov",87.9231206999708,7,6.52599999998347,131.037069710445
424,"genetic",87.9231206999708,250,153.970000000001,131.037069710445
425,"fedorov",86.554444657838,7,6.53100000001723,131.037069710445
425,"genetic",86.554444657838,250,154.930999999982,131.037069710445
426,"fedorov",81.3853758940804,9,8.31100000001607,131.037069710445
426,"genetic",81.3853758940804,250,156.111999999994,131.037069710445
427,"fedorov",77.6808126488465,9,8.1820000000007,131.037069710445
427,"genetic",77.6808126488465,250,153.269,131.037069710445
428,"fedorov",79.5762095052112,9,8.39499999998952,131.037069710445
428,"genetic",79.5762095052112,250,154.679999999993,131.037069710445
429,"fedorov",55.5995022642329,10,9.2390000000014,131.037069710445
429,"genetic",55.5995022642329,250,151.481,131.037069710445
430,"fedorov",87.9231206999708,8,7.17900000000373,131.037069710445
430,"genetic",87.9231206999708,250,151.744999999995,131.037069710445
431,"fedorov",74.7678003715111,9,8.31200000000536,131.037069710445
431,"genetic",74.7678003715111,250,154.567999999999,131.037069710445
432,"fedorov",71.3533434173108,6,5.53599999999278,131.037069710445
432,"genetic",71.3533434173108,250,155.046000000002,131.037069710445
433,"fedorov",91.7927557756245,6,5.42399999999907,131.037069710445
433,"genetic",91.7927557756245,250,152.619000000006,131.037069710445
434,"fedorov",78.5345163097848,9,8.48300000000745,131.037069710445
434,"genetic",78.5345163097848,250,154.513999999996,131.037069710445
435,"fedorov",88.9223326122516,8,7.44700000001467,131.037069710445
435,"genetic",88.9223326122516,250,153.924999999988,131.037069710445
436,"fedorov",59.5275394488075,9,8.30199999999604,131.037069710445
436,"genetic",59.5275394488075,250,155.139999999985,131.037069710445
437,"fedorov",64.5956156545453,9,8.44000000000233,131.037069710445
437,"genetic",64.5956156545453,250,155.046999999991,131.037069710445
438,"fedorov",81.3853758940804,9,8.22299999999814,131.037069710445
438,"genetic",81.3853758940804,250,152.725999999995,131.037069710445
439,"fedorov",86.554444657838,8,7.34299999999348,131.037069710445
439,"genetic",86.554444657838,250,154.27800000002,131.037069710445
440,"fedorov",72.8559585406432,7,6.45699999999488,131.037069710445
440,"genetic",72.8559585406432,250,155.845000000001,131.037069710445
441,"fedorov",88.9223326122516,7,6.51900000000023,131.037069710445
441,"genetic",88.9223326122516,250,153.469000000012,131.037069710445
442,"fedorov",65.5185348552224,9,8.52100000000792,131.037069710445
442,"genetic",65.5185348552224,250,153.88499999998,131.037069710445
443,"fedorov",64.5956156545453,9,8.28600000002189,131.037069710445
443,"genetic",64.5956156545453,250,154.07799999998,131.037069710445
444,"fedorov",78.5345163097848,7,6.2609999999986,131.037069710445
444,"genetic",78.5345163097848,250,153.328999999998,131.037069710445
445,"fedorov",70.8381388512133,7,6.41500000000815,131.037069710445
445,"genetic",70.8381388512133,250,156.52800000002,131.037069710445
446,"fedorov",80.7913008761956,8,7.33699999999953,131.037069710445
446,"genetic",80.7913008761956,250,154.963000000018,131.037069710445
447,"fedorov",75.4601342099711,9,8.58499999999185,131.037069710445
447,"genetic",75.4601342099711,250,152.206000000006,131.037069710445
448,"fedorov",50.5155002577774,10,9.36800000001676,131.037069710445
448,"genetic",50.5155002577774,250,155.426999999996,131.037069710445
449,"fedorov",70.3153291042732,9,8.2270000000135,131.037069710445
449,"genetic",70.3153291042732,250,154.337999999989,131.037069710445
450,"fedorov",56.429467943425,9,8.46900000001187,131.037069710445
450,"genetic",56.429467943425,250,155.627000000008,131.037069710445
451,"fedorov",42.024692584987,9,8.50599999999395,131.037069710445
451,"genetic",42.024692584987,250,155.940000000002,131.037069710445
452,"fedorov",59.5275394488075,10,9.38200000001234,131.037069710445
452,"genetic",59.5275394488075,250,155.928000000014,131.037069710445
453,"fedorov",59.5275394488075,9,8.41800000000512,131.037069710445
453,"genetic",59.5275394488075,250,156.613000000012,131.037069710445
454,"fedorov",87.2441505863611,6,5.28499999997439,131.037069710445
454,"genetic",87.2441505863611,250,156.138000000006,131.037069710445
455,"fedorov",61.6553018582618,8,7.31100000001607,131.037069710445
455,"genetic",61.6553018582618,250,155.553000000014,131.037069710445
456,"fedorov",64.5956156545453,9,8.24599999998463,131.037069710445
456,"genetic",64.5956156545453,250,155.248999999982,131.037069710445
457,"fedorov",87.9231206999708,7,6.46699999997509,131.037069710445
457,"genetic",87.9231206999708,250,153.954999999987,131.037069710445
458,"fedorov",70.5777021660771,8,7.53100000001723,131.037069710445
458,"genetic",70.5777021660771,250,152.261999999988,131.037069710445
459,"fedorov",61.6553018582618,9,8.137000000017,131.037069710445
459,"genetic",61.6553018582618,250,153.798999999999,131.037069710445
460,"fedorov",84.7802860753542,7,6.39100000000326,131.037069710445
460,"genetic",84.7802860753542,250,152.179999999993,131.037069710445
461,"fedorov",66.1196559086776,8,7.20900000000256,131.037069710445
461,"genetic",66.1196559086776,250,152.890000000014,131.037069710445
462,"fedorov",76.8079206421462,7,6.4210000000021,131.037069710445
462,"genetic",76.8079206421462,250,153.006000000023,131.037069710445
463,"fedorov",63.6455421207436,9,8.2729999999865,131.037069710445
463,"genetic",63.6455421207436,250,152.144,131.037069710445
464,"fedorov",63.9653743364006,8,7.31699999998091,131.037069710445
464,"genetic",63.9653743364006,250,152.489999999991,131.037069710445
465,"fedorov",88.0912341508111,6,5.22400000001653,131.037069710445
465,"genetic",88.0912341508111,250,152.697000000015,131.037069710445
466,"fedorov",83.8646606510133,8,7.17200000002049,131.037069710445
466,"genetic",83.8646606510133,250,150.845000000001,131.037069710445
467,"fedorov",68.973104409528,8,7.30600000001141,131.037069710445
467,"genetic",68.973104409528,250,152.639000000025,131.037069710445
468,"fedorov",33.9302202074363,10,8.96900000001187,131.037069710445
468,"genetic",33.9302202074363,250,152.067999999999,131.037069710445
469,"fedorov",78.5345163097848,7,6.387000000017,131.037069710445
469,"genetic",78.5345163097848,250,165.904999999999,131.037069710445
470,"fedorov",88.0912341508111,6,7.72299999999814,131.037069710445
470,"genetic",88.0912341508111,250,171.848999999987,131.037069710445
471,"fedorov",68.973104409528,8,9.86800000001676,131.037069710445
471,"genetic",68.973104409528,250,172.148000000016,131.037069710445
472,"fedorov",88.0912341508111,7,8.62699999997858,131.037069710445
472,"genetic",88.0912341508111,250,177.005000000005,131.037069710445
473,"fedorov",76.8079206421462,9,11.2309999999998,131.037069710445
473,"genetic",76.8079206421462,250,177.685999999987,131.037069710445
474,"fedorov",78.9544949707047,8,9.18599999998696,131.037069710445
474,"genetic",78.9544949707047,250,155.027000000002,131.037069710445
475,"fedorov",77.6808126488465,9,8.17600000000675,131.037069710445
475,"genetic",77.6808126488465,250,150.307000000001,131.037069710445
476,"fedorov",52.0020955762976,10,8.83100000000559,131.037069710445
476,"genetic",52.0020955762976,250,162.864999999991,131.037069710445
477,"fedorov",54.7439892485986,7,8.86100000000442,131.037069710445
477,"genetic",54.7439892485986,250,174.05799999999,131.037069710445
478,"fedorov",79.5762095052112,9,11.1169999999984,131.037069710445
478,"genetic",79.5762095052112,250,172.684999999998,131.037069710445
479,"fedorov",85.4987973338348,7,6.21800000002258,131.037069710445
479,"genetic",85.4987973338348,250,152.897999999986,131.037069710445
480,"fedorov",75.9147242968915,9,7.95300000000861,131.037069710445
480,"genetic",75.9147242968915,250,153.089000000007,131.037069710445
481,"fedorov",79.5762095052112,7,6.14500000001863,131.037069710445
481,"genetic",79.5762095052112,250,150.837,131.037069710445
482,"fedorov",87.2441505863611,8,7.12599999998929,131.037069710445
482,"genetic",87.2441505863611,250,151.567999999999,131.037069710445
483,"fedorov",66.1196559086776,8,7.17600000000675,131.037069710445
483,"genetic",66.1196559086776,250,154.632000000012,131.037069710445
484,"fedorov",75.9147242968915,8,7.39299999998184,131.037069710445
484,"genetic",75.9147242968915,250,153.741999999998,131.037069710445
485,"fedorov",70.5777021660771,9,8.26699999999255,131.037069710445
485,"genetic",70.5777021660771,250,152.955999999976,131.037069710445
486,"fedorov",62.6662241870573,8,7.24199999999837,131.037069710445
486,"genetic",62.6662241870573,250,153.065000000002,131.037069710445
487,"fedorov",87.9231206999708,8,7.46299999998882,131.037069710445
487,"genetic",87.9231206999708,250,153.208000000013,131.037069710445
488,"fedorov",52.0020955762976,10,9.11000000001513,131.037069710445
488,"genetic",52.0020955762976,250,152.712,131.037069710445
489,"fedorov",84.4164177086728,7,6.30200000002515,131.037069710445
489,"genetic",84.4164177086728,250,153.074000000022,131.037069710445
490,"fedorov",81.3853758940804,9,12.1839999999793,131.037069710445
490,"genetic",81.3853758940804,250,172.626000000018,131.037069710445
491,"fedorov",70.3153291042732,9,11.2580000000016,131.037069710445
491,"genetic",70.3153291042732,250,167.303000000014,131.037069710445
492,"fedorov",68.4212959349803,9,8.07099999999627,131.037069710445
492,"genetic",68.4212959349803,250,153.283999999985,131.037069710445
493,"fedorov",74.7678003715111,8,7.10799999997835,131.037069710445
493,"genetic",74.7678003715111,250,154.508000000002,131.037069710445
494,"fedorov",76.8079206421462,7,6.27100000000792,131.037069710445
494,"genetic",76.8079206421462,250,153.08600000001,131.037069710445
495,"fedorov",84.7802860753542,8,7.26600000000326,131.037069710445
495,"genetic",84.7802860753542,250,152.851999999984,131.037069710445
496,"fedorov",48.9358455146108,10,9.14100000000326,131.037069710445
496,"genetic",48.9358455146108,250,167.614999999991,131.037069710445
497,"fedorov",48.9358455146108,10,12.4010000000126,131.037069710445
497,"genetic",48.9358455146108,250,174.272999999986,131.037069710445
498,"fedorov",68.973104409528,8,9.93499999999767,131.037069710445
498,"genetic",68.973104409528,250,165.361000000004,131.037069710445
499,"fedorov",87.9231206999708,9,11.2710000000079,131.037069710445
499,"genetic",87.9231206999708,250,173.067999999999,131.037069710445
500,"fedorov",93.6109048402314,7,8.66800000000512,131.037069710445
500,"genetic",93.6109048402314,250,161.91399999999,131.037069710445
